{
    "l_caro": 18.13772,
    "Kaeration_caro": 641.08427,
    "ExA_caro": 58.90387,
    "a0": 0.02411,
    "a0p": 0.00158,
    "smoothing_factor": 295.4017,
    "smoothing_factor_p": 614.27003,
    "v_car_max": 0.00042,
    "carotene_aeration_exponent": 8.42709,
    "l": 32.65233,
    "Kaeration_lut": 704.3838,
    "ExA_lut": 178.35475,
    "a0p_lut": 0.00248,
    "a0_lut": 0.00811,
    "smoothing_factor_lut": 51.82655,
    "smoothing_factor_lut_p": 168.1769,
    "v_lut_max": 0.00293,
    "lutein_aeration_exponent": 9.15723,
    "K_nitrogen_quota": 0.07463,
    "v_nitrate_max": 9.86497,
    "wNmax": 7.50058,
    "wNmin": 0.35935,
    "Esat": 95.27083,
    "KEchl": 19.49952,
    "ymax": 1.98218,
    "Kaeration": 593.36083,
    "chl_aeration_exponent": 2.89406,
    "a0chlp": 0.00621,
    "smoothing_factor_chl_p": 3751.58493,
    "VNmax": 3.31506,
    "KNm": 0.0219,
    "a1": 0.00022,
    "a1_lut": 0.00024,
    "maximum_starch_production": 0.00115,
    "t_max": 1.59254,
    "vco2max": 12.6038,
    "maximum_tag_production": 0.10289,
    "light_conversion_factor": 3.13006,
    "ro0": 0.00089,
    "ro1": 3.68724,
    "v_polyphosphate_max": 0.0007,
    "wPmin": 0.0906,
    "KPm": 0.06827,
    "VPmax": 0.14425
}