{
    "l": 5.53366,
    "Kaeration_lut": 659.49415,
    "ExA_caro": 145.47362,
    "ExA_lut": 145.47362,
    "a0p_lut": 0.00218,
    "a0_lut": 0.01218,
    "a1_lut": 0.00023,
    "smoothing_factor_lut": 110.81499,
    "smoothing_factor_lut_p": 40.24102,
    "v_lut_max": 0.00235,
    "lutein_aeration_exponent": 5.3118,
    "l_caro": 2.07756,
    "Kaeration_caro": 458.20673,
    "a0": 0.01164,
    "a0p": 0.00122,
    "a1": 0.00022,
    "smoothing_factor": 242.33371,
    "smoothing_factor_p": 4563.44275,
    "v_car_max": 0.00119,
    "carotene_aeration_exponent": 3.86351,
    "maximum_starch_production": 0.00115,
    "t_max": 1.59254,
    "vco2max": 12.6038,
    "maximum_tag_production": 0.10289,
    "Esat": 95.07521,
    "KEchl": 19.44201,
    "ymax": 2.17552,
    "Kaeration": 600.92795,
    "chl_aeration_exponent": 3.30037,
    "a0chlp": 0.00633,
    "smoothing_factor_chl_p": 3135.1023,
    "light_conversion_factor": 3.13006,
    "K_nitrogen_quota": 0.07981,
    "ro0": 0.00089,
    "ro1": 3.68724,
    "v_nitrate_max": 9.43995,
    "v_polyphosphate_max": 0.0007,
    "wNmax": 5.87201,
    "wNmin": 0.34499,
    "wPmin": 0.0906,
    "nacl_lipid": 0.08147,
    "KNm": 0.00653,
    "KPm": 0.06827,
    "VPmax": 0.14425,
    "VNmax": 3.05807
}