{"names": ["ro1", "ro0", "a0", "a0p", "a1", "ExA_caro", "ExA_lut", "l", "l_caro", "smoothing_factor", "smoothing_factor_p", "smoothing_factor_chl_p", "wPmin", "wNmax", "wNmin", "t_max", "K_nitrogen_quota", "VPmax", "KPm", "VNmax", "KNm", "maximum_starch_production", "maximum_tag_production", "v_nitrate_max", "v_polyphosphate_max", "v_car_max", "ymax", "Esat", "KEchl", "vco2max", "light_conversion_factor", "v_lut_max", "a0_lut", "a0p_lut", "a0chlp", "a1_lut", "smoothing_factor_lut", "smoothing_factor_lut_p", "Kaeration", "Kaeration_caro", "Kaeration_lut", "lutein_aeration_exponent", "carotene_aeration_exponent", "chl_aeration_exponent"], "mu": [-0.0015000000000000013, 0.38125000000000003, 0.0, 0.058750000000000135, 0.0, -0.0010000000000000009, -0.16100000000000003, -0.037750000000000006, -0.002250000000000002, -0.0010000000000000564, 0.003250000000000003, 0.0, -0.22324999999999998, -3.7742500000000003, -0.06924999999999998, -0.11874999999999997, -0.07324999999999983, 0.11425, -3.0531133177191805e-16, 0.003500000000000003, 0.0007500000000000007, 0.20749999999999993, -2.7000000000000006, 0.025499999999999995, 0.06275000000000007, 0.00924999999999998, -0.04724999999999996, 0.0, -0.0050000000000000044, -0.4697500000000001, 0.05224999999999999, 4.5127500000000005, 0.0, -0.5565, 0.0, 0.0, 0.25375000000000003, -1.3060000000000003, 0.0, -0.002250000000000002, 0.3780000000000001, 0.2239999999999999, -0.0005000000000000282, -0.0005000000000000004], "mu_star": [0.0015000000000000013, 0.38475, 0.0, 0.058750000000000135, 0.0, 0.0010000000000000009, 0.16100000000000003, 0.037750000000000006, 0.002250000000000002, 0.003500000000000003, 0.004250000000000004, 0.0, 0.22324999999999998, 3.7742500000000003, 0.06924999999999998, 0.46524999999999994, 0.2947499999999998, 0.11575000000000006, 0.0005000000000003058, 0.003500000000000003, 0.0007500000000000007, 0.20749999999999993, 3.3840000000000003, 0.07399999999999998, 0.4697499999999999, 0.014249999999999985, 0.09525, 0.0, 0.0050000000000000044, 1.05725, 0.05224999999999999, 5.2082500000000005, 0.0, 0.5565, 0.0, 0.0, 0.25375000000000003, 2.791, 0.0, 0.002250000000000002, 0.3780000000000001, 0.2894999999999999, 0.0005000000000000282, 0.0005000000000000004], "sigma": [0.0036742346141747702, 0.9390212857012348, 0.0, 0.14244288329011068, 0.0, 0.00244948974278318, 0.3943678485880917, 0.09246823779006498, 0.005511351921262156, 0.006819090848492955, 0.006322578587886439, 0.0, 0.44105144257784706, 6.5980283930125685, 0.10870775041366643, 0.7901993261196822, 0.5088219482294367, 0.20018210459479144, 0.0009486832980510939, 0.008573214099741131, 0.0018371173070873851, 0.24958966324749907, 5.205083255818297, 0.14585677906768676, 0.6802882293557634, 0.021094430544577384, 0.19498557638963965, 0.0, 0.012247448713915901, 2.032825416753736, 0.12798583906042107, 7.93715294516869, 0.0, 1.3631410418588383, 0.0, 0.0, 0.6098760324852913, 4.156919195750622, 0.0, 0.0037649701194033434, 0.9259071227720417, 0.6485870026449804, 0.000774596669241527, 0.00122474487139159], "mu_star_conf": [0.002618088008159842, 0.6940949584738351, 0.0, 0.08524666473834776, 0.0, 0.0016587626061586116, 0.25639667656101117, 0.06800713225282398, 0.0037132195902097624, 0.004134888745979695, 0.003990441437242775, 0.0, 0.2809057243425689, 4.2261317425155545, 0.08203327939629301, 0.4506159788582896, 0.28177300245704473, 0.12707328957268585, 0.0004843909151197835, 0.006096409689050729, 0.0014669259469059365, 0.16324028994014922, 3.1782396164517293, 0.089622981419751, 0.3060985187486423, 0.012180516119318545, 0.11278335561803679, 0.0, 0.009732275254504373, 1.182039937452947, 0.09696186702866795, 5.812345819036595, 0.0, 1.0740667663748351, 0.0, 0.0, 0.4423760222924608, 2.2418855946587657, 0.0, 0.0031170934602426504, 0.6274100454792585, 0.47189022610263626, 0.0005729486167230097, 0.0007585155003566075]}