{
    "l_caro": 2.18552,
    "Kaeration_caro": 483.51367,
    "ExA_caro": 115.32848,
    "a0": 0.01981,
    "a0p": 0.00116,
    "a1": 0.00022,
    "smoothing_factor": 235.57444,
    "smoothing_factor_p": 1852.77228,
    "v_car_max": 0.00079,
    "carotene_aeration_exponent": 3.12764,
    "l": 5.95569,
    "Kaeration_lut": 651.73889,
    "ExA_lut": 189.24499,
    "a0p_lut": 0.00241,
    "a0_lut": 0.01145,
    "a1_lut": 0.00024,
    "smoothing_factor_lut": 131.52062,
    "smoothing_factor_lut_p": 46.44397,
    "v_lut_max": 0.00241,
    "lutein_aeration_exponent": 5.12691,
    "maximum_starch_production": 0.00115,
    "t_max": 1.59254,
    "vco2max": 12.6038,
    "maximum_tag_production": 0.10289,
    "Esat": 95.07521,
    "KEchl": 19.44201,
    "ymax": 2.17552,
    "Kaeration": 600.92795,
    "chl_aeration_exponent": 3.30037,
    "a0chlp": 0.00633,
    "smoothing_factor_chl_p": 3135.1023,
    "light_conversion_factor": 3.13006,
    "K_nitrogen_quota": 0.07981,
    "ro0": 0.00089,
    "ro1": 3.68724,
    "v_nitrate_max": 9.43995,
    "v_polyphosphate_max": 0.0007,
    "wNmax": 5.87201,
    "wNmin": 0.34499,
    "wPmin": 0.0906,
    "nacl_lipid": 0.08147,
    "KNm": 0.00653,
    "KPm": 0.06827,
    "VPmax": 0.14425,
    "VNmax": 3.05807
}